{"absolute":false,"prefix":"","rootUrl":"http:\/\/bom_construtor.daniel","routes":[{"name":"public.ecommerce.info","uri":"api\/public\/ecommerce\/info"},{"name":"public.image.index","uri":"api\/public\/image\/{image}"},{"name":"auth.login","uri":"api\/auth\/login"},{"name":"auth.refresh","uri":"api\/auth\/refresh"},{"name":"auth.user","uri":"api\/auth\/user"},{"name":"auth.logout","uri":"api\/auth\/logout"},{"name":"widget.index","uri":"api\/widget\/{name}"},{"name":"catalog.category.index","uri":"api\/catalog\/category"},{"name":"catalog.category.store","uri":"api\/catalog\/category"},{"name":"catalog.category.edit","uri":"api\/catalog\/category\/{id}\/edit"},{"name":"catalog.category.update","uri":"api\/catalog\/category\/{id}"},{"name":"catalog.category.change-status","uri":"api\/catalog\/category\/{id}\/change-status"},{"name":"catalog.category.search","uri":"api\/catalog\/category\/category-search"},{"name":"catalog.department.index","uri":"api\/catalog\/department"},{"name":"catalog.department.store","uri":"api\/catalog\/department"},{"name":"catalog.department.edit","uri":"api\/catalog\/department\/{id}\/edit"},{"name":"catalog.department.update","uri":"api\/catalog\/department\/{id}"},{"name":"catalog.department.change-status","uri":"api\/catalog\/department\/{id}\/change-status"},{"name":"catalog.department.search","uri":"api\/catalog\/department\/department-search"},{"name":"catalog.brand.index","uri":"api\/catalog\/brand"},{"name":"catalog.brand.store","uri":"api\/catalog\/brand"},{"name":"catalog.brand.edit","uri":"api\/catalog\/brand\/{id}\/edit"},{"name":"catalog.brand.update","uri":"api\/catalog\/brand\/{id}"},{"name":"catalog.brand.change-status","uri":"api\/catalog\/brand\/{id}\/change-status"},{"name":"catalog.brand.search","uri":"api\/catalog\/brand\/brand-search"},{"name":"catalog.discount.index","uri":"api\/catalog\/discount"},{"name":"catalog.discount.store","uri":"api\/catalog\/discount"},{"name":"catalog.discount.edit","uri":"api\/catalog\/discount\/{id}\/edit"},{"name":"catalog.product.index","uri":"api\/catalog\/product"},{"name":"catalog.product.store","uri":"api\/catalog\/product"},{"name":"catalog.product.edit","uri":"api\/catalog\/product\/{id}\/edit"},{"name":"catalog.product.update","uri":"api\/catalog\/product\/{id}"},{"name":"catalog.product.change-status","uri":"api\/catalog\/product\/{id}\/change-status"},{"name":"catalog.product.search","uri":"api\/catalog\/product\/product-search"},{"name":"catalog.product.skus.search","uri":"api\/catalog\/product\/skus\/skus-search"},{"name":"setting.user.index","uri":"api\/setting\/user"},{"name":"setting.user.store","uri":"api\/setting\/user"},{"name":"setting.user.edit","uri":"api\/setting\/user\/{id}\/edit"},{"name":"setting.user.update","uri":"api\/setting\/user\/{id}"},{"name":"setting.user.change-status","uri":"api\/setting\/user\/{id}\/change-status"},{"name":"setting.ecommerce.index","uri":"api\/setting\/ecommerce"},{"name":"setting.ecommerce.update-general","uri":"api\/setting\/ecommerce\/update-general"},{"name":"setting.ecommerce.update-address-and-contact","uri":"api\/setting\/ecommerce\/update-address-and-contact"},{"name":null,"uri":"{any?}"}]}