{"absolute":false,"prefix":"","rootUrl":"https:\/\/manager.bomconstrutor.com","routes":[{"name":"login","uri":"\/"},{"name":null,"uri":"login"},{"name":"logout","uri":"logout"},{"name":"image.index","uri":"image\/{image}"},{"name":"catalog.category.index","uri":"catalog\/category"},{"name":"catalog.category.store","uri":"catalog\/category"},{"name":"catalog.category.edit","uri":"catalog\/category\/{id}\/edit"},{"name":"catalog.category.update","uri":"catalog\/category\/{id}"},{"name":"catalog.category.change-status","uri":"catalog\/category\/{id}\/change-status"},{"name":"catalog.category.search","uri":"catalog\/category\/category-search"},{"name":"catalog.department.index","uri":"catalog\/department"},{"name":"catalog.department.store","uri":"catalog\/department"},{"name":"catalog.department.edit","uri":"catalog\/department\/{id}\/edit"},{"name":"catalog.department.update","uri":"catalog\/department\/{id}"},{"name":"catalog.department.change-status","uri":"catalog\/department\/{id}\/change-status"},{"name":"catalog.department.search","uri":"catalog\/department\/department-search"},{"name":"catalog.brand.index","uri":"catalog\/brand"},{"name":"catalog.brand.store","uri":"catalog\/brand"},{"name":"catalog.brand.edit","uri":"catalog\/brand\/{id}\/edit"},{"name":"catalog.brand.update","uri":"catalog\/brand\/{id}"},{"name":"catalog.brand.change-status","uri":"catalog\/brand\/{id}\/change-status"},{"name":"catalog.discount.index","uri":"catalog\/discount"},{"name":"catalog.discount.store","uri":"catalog\/discount"},{"name":"catalog.discount.edit","uri":"catalog\/discount\/{id}\/edit"},{"name":"catalog.product.store","uri":"catalog\/product"},{"name":"catalog.product.change-status","uri":"catalog\/product\/{id}\/change-status"},{"name":"catalog.product.search","uri":"catalog\/product\/product-search"},{"name":"catalog.product.skus.search","uri":"catalog\/product\/skus\/skus-search"},{"name":"setting.user.index","uri":"setting\/user"},{"name":"setting.user.store","uri":"setting\/user"},{"name":"setting.user.edit","uri":"setting\/user\/{id}\/edit"},{"name":"setting.user.update","uri":"setting\/user\/{id}"},{"name":"setting.user.change-status","uri":"setting\/user\/{id}\/change-status"},{"name":"setting.ecommerce.index","uri":"setting\/ecommerce"},{"name":"setting.ecommerce.update-general","uri":"setting\/ecommerce\/update-general"},{"name":"setting.ecommerce.update-address-and-contact","uri":"setting\/ecommerce\/update-address-and-contact"},{"name":"widget.index","uri":"widget\/{name}"},{"name":null,"uri":"{any?}"}]}